{
    "$schema": "https://schema.management.azure.com/schemas/2015-01-01/deploymentParameters.json#",
    "contentVersion": "1.0.0.0",
    "parameters": {
        "virtualMachines_gittest_name": {
            "value": null
        },
        "networkInterfaces_gittest187_name": {
            "value": null
        },
        "publicIPAddresses_gittest_ip_name": {
            "value": null
        },
        "networkSecurityGroups_gittest_nsg_name": {
            "value": null
        },
        "virtualMachines_gittest_id": {
            "value": null
        },
        "networkInterfaces_gittest187_id": {
            "value": null
        }
    }
}